,anomalies
Roger Federer,262
David Ferrer,206
Rafael Nadal,205
Lleyton Hewitt,187
Nikolay Davydenko,179
Tommy Robredo,172
Jarkko Nieminen,167
Mikhail Youzhny,166
Novak Djokovic,163
Andy Roddick,161
Tomas Berdych,159
Feliciano Lopez,155
Fernando Verdasco,150
Juan Carlos Ferrero,145
Gilles Simon,142
Andy Murray,141
Marat Safin,136
James Blake,134
Ivan Ljubicic,133
Stanislas Wawrinka,133
Jurgen Melzer,131
Carlos Moya,130
Tommy Haas,130
Jo Wilfried Tsonga,123
Radek Stepanek,122
Rainer Schuettler,122
Richard Gasquet,121
Juan Ignacio Chela,120
Philipp Kohlschreiber,120
David Nalbandian,120
Nicolas Almagro,118
Mardy Fish,117
Fernando Gonzalez,113
Arnaud Clement,112
Andreas Seppi,111
Nicolas Massu,111
Marcos Baghdatis,109
Sebastien Grosjean,106
Olivier Rochus,104
Xavier Malisse,103
Ivo Karlovic,102
Gael Monfils,102
Guillermo Garcia Lopez,100
Sam Querrey,99
Juan Martin Del Potro,99
John Isner,97
Michael Llodra,96
Juan Monaco,95
Janko Tipsarevic,94
Dmitry Tursunov,93
Albert Montanes,93
Paul Henri Mathieu,92
Dominik Hrbaty,92
Nicolas Kiefer,90
Fabrice Santoro,90
Marin Cilic,89
Paradorn Srichaphan,88
Stefan Koubek,88
2.0,86
Victor Hanescu,86
Andrei Pavel,85
Fabio Fognini,85
Jiri Novak,84
Julien Benneteau,84
Filippo Volandri,83
Tim Henman,83
Gustavo Kuerten,82
Alberto Martin,82
Thomas Johansson,82
Denis Istomin,82
Potito Starace,82
Max Mirnyi,81
Gaston Gaudio,81
Agustin Calleri,78
Jeremy Chardy,77
Jonas Bjorkman,77
Robin Soderling,77
4.0,77
Ernests Gulbis,75
Mario Ancic,75
Yen Hsun Lu,75
Nicolas Lapentti,74
Robby Ginepri,73
Igor Andreev,73
Andre Agassi,72
Florian Mayer,72
Santiago Giraldo,70
Milos Raonic,69
Kevin Anderson,69
1.0,69
Pablo Andujar,68
Benjamin Becker,68
Thomaz Bellucci,67
Luis Horna,66
Christophe Rochus,66
Nicolas Mahut,66
Guillermo Coria,66
Viktor Troicki,66
Sergiy Stakhovsky,65
Yevgeny Kafelnikov,65
Jose Acasuso,64
Gilles Muller,64
Davide Sanguinetti,64
Kei Nishikori,64
Vincent Spadea,64
Teymuraz Gabashvili,63
Mariano Zabaleta,63
Taylor Dent,63
Carlos Berlocq,62
Jan Michael Gambill,62
Dudi Sela,61
Hyung Taik Lee,61
Guillermo Canas,61
Fernando Vicente,60
Alexandr Dolgopolov,59
Robin Haase,59
3.0,58
Alejandro Falla,58
Alex Corretja,57
Marcel Granollers,57
Younes El Aynaoui,56
Grigor Dimitrov,55
Lukasz Kubot,55
Florent Serra,54
Sjeng Schalken,54
0.0,53
Ivan Dodig,52
Albert Costa,52
Greg Rusedski,52
Thomas Enqvist,52
Donald Young,52
Wayne Ferreira,49
5.0,49
Felix Mantilla,49
Igor Kunitsyn,48
Lukas Rosol,48
Lars Burgsmuller,46
Mark Philippoussis,46
Sargis Sargsian,46
Albert Portas,46
Wayne Arthurs,46
Michael Russell,45
Michael Berrer,45
Leonardo Mayer,45
Ruben Ramirez Hidalgo,45
6.0,44
Jan Hernych,44
Bjorn Phau,43
Simone Bolelli,42
Cyril Saulnier,42
Jiri Vanek,42
Pablo Cuevas,42
Adrian Mannarino,41
Franco Squillari,41
Andrey Golubev,41
Nicolas Escude,41
Karol Beck,41
Raemon Sluiter,41
Hicham Arazi,41
Daniel Gimeno Traver,40
Pete Sampras,39
Karol Kucera,39
8.0,39
Jack Sock,39
Kenneth Carlsen,39
Roberto Bautista Agut,39
Steve Darcis,38
Marc Gicquel,38
Francisco Clavet,38
Justin Gimelstob,38
Magnus Norman,38
Mikhail Kukushkin,38
Mischa Zverev,37
David Sanchez,37
Andreas Vinciguerra,37
Ricardas Berankis,37
Somdev Devvarman,37
Martin Klizan,37
Lukas Lacko,37
Tobias Kamke,36
Philipp Petzschner,36
Flavio Saretta,36
7.0,36
David Goffin,36
Antony Dupuis,36
Oscar Hernandez,35
Vasek Pospisil,35
Bernard Tomic,35
Mariano Puerta,34
Bohdan Ulihrach,34
Patrick Rafter,34
Albert Ramos,34
Marcelo Rios,34
Benoit Paire,33
Kevin Kim,33
Edouard Roger Vasselin,33
Ryan Harrison,33
Andre Sa,33
Evgeny Korolev,32
Go Soeda,32
Galo Blanco,32
Kristof Vliegen,32
Jerzy Janowicz,32
Julien Boutter,31
Frank Dancevic,31
Marinko Matosevic,30
Ricardo Mello,30
Todd Martin,30
Michal Przysiezny,29
Cedric Pioline,29
Daniel Brands,29
Joachim Johansson,28
Michael Chang,28
George Bastl,28
Horacio Zeballos,28
Matthew Ebden,27
Blaz Kavcic,27
Alex Calatrava,27
Marco Chiudinelli,27
Kristian Pless,27
Paul Goldstein,26
Wesley Moodie,26
Martin Verkerk,26
Martin Vassallo Arguello,26
Peter Luczak,26
Vladimir Voltchkov,26
Thiemo De Bakker,26
Paul Capdeville,26
Bobby Reynolds,26
Tomas Zib,26
Andreas Haider Maurer,26
Jerome Golmard,26
Federico Delbonis,26
Irakli Labadze,25
Adrian Voinea,25
Joao Sousa,25
Dominic Thiem,25
Pablo Carreno Busta,25
Juan Antonio Marin,25
Alex Bogomolov Jr,25
Harel Levy,25
Andrea Gaudenzi,25
Michel Kratochvil,25
Ryan Sweeting,25
Steve Johnson,24
Danai Udomchoke,24
Jan Hajek,24
Jean Rene Lisnard,23
9.0,23
Boris Pashanski,23
Paolo Lorenzi,23
Rajeev Ram,23
Frederico Gil,23
Goran Ivanisevic,23
Alexander Popp,23
Jimmy Wang,22
Aljaz Bedene,22
David Prinosil,22
Juan Balcells,22
Eduardo Schwank,22
Markus Hipfl,22
Olivier Patience,21
Fernando Meligeni,21
Igor Sijsling,20
Ramon Delgado,20
Alexander Waske,20
Pere Riba,20
Chris Guccione,20
Andreas Beck,20
Karim Alami,20
Arnaud Di Pasquale,20
Tomas Behrend,20
Andrew Ilie,19
Marc Rosset,19
Cecil Mamiit,19
Byron Black,19
Attila Savolt,19
Marsel Ilhan,19
Victor Estrella,19
Dustin Brown,18
Robert Kendrick,18
Thierry Ascione,18
Noam Okun,18
Magnus Gustafsson,17
Sergio Roitman,17
Grega Zemlja,17
Ivan Navarro,17
Flavio Cipolla,17
Jan Vacek,17
Jesse Levine,17
Richard Krajicek,17
Simon Greul,17
Marius Copil,17
Gianluca Pozzi,16
Alexander Peya,16
Daniele Bracciali,16
Rui Machado,16
Ivo Minar,16
Wayne Odesnik,16
Denis Gremelmayr,16
Illya Marchenko,16
Kenny De Schepper,16
10.0,16
Tim Smyczek,16
Ivan Miranda,16
Marc Lopez,15
Adrian Ungur,15
Michal Tabara,15
James Ward,15
12.0,15
Samuel Groth,15
Oliver Marach,15
John Van Lottum,15
Jiri Vesely,15
Slava Dosedel,14
Santiago Ventura,14
Rik De Voest,14
Andrey Kuznetsov,14
Robin Vik,14
Nicolas Devilder,14
Tatsuma Ito,14
Sergi Bruguera,14
Unknown,14
Jeff Morrison,14
Andis Juska,14
Diego Junqueira,14
100.0,14
Dick Norman,13
Gregory Carraz,13
Jeff Tarango,13
Roko Karanusic,13
13.0,13
Cedrik Marcel Stebe,13
Arvind Parmar,13
Filip Krajinovic,13
Giovanni Lapentti,13
Ivo Heuberger,13
11.0,13
90.0,12
Stephane Robert,12
Benjamin Balleret,12
Jason Stoltenberg,12
Borna Coric,12
Daniel Nestor,12
Jan Lennard Struff,12
14.0,12
Olivier Mutis,12
Mohammad Ghareeb,12
Peter Wessels,12
Aqeel Khan,12
Brian Baker,12
Scott Draper,12
Chris Woodruff,12
Aisam Ul Haq Qureshi,12
Prakash Amritraj,12
Dusan Lajovic,12
Eric Taino,12
Martin Damm,12
Markus Hantschk,12
Andrei Medvedev,11
Magnus Larsson,11
Marcos Daniel,11
74.0,11
Andrei Stoliarov,11
Marcel Felder,11
Takao Suzuki,11
Malek Jaziri,11
Daniel Koellerer,11
Jan Siemerink,11
Werner Eschauer,11
80.0,11
Victor Crivoi,11
Bob Bryan,11
Evgeny Donskoy,11
Guido Pella,11
Denis Kudla,11
Matthias Bachinger,11
Jamie Delgado,11
Wayne Black,10
Kittipong Wachiramanowong,10
Farrukh Dustov,10
Joao Souza,10
Brian Dabul,10
83.0,10
Jesse Huta Galung,10
Jan Frode Andersen,10
Martin Lee,10
Hugo Armando,10
Daniel Elsner,10
Alex Bogdanovic,10
Radu Albot,10
Tuomas Ketola,10
71.0,10
Brian Vahaly,10
Lukas Dlouhy,10
81.0,10
Alejandro Gonzalez,10
Razvan Sabau,10
69.0,10
Gastao Elias,10
Guillaume Rufin,10
87.0,9
Lucas Pouille,9
Julian Reister,9
68.0,9
Michael Kohlmann,9
Damir Dzumhur,9
Thanasi Kokkinakis,9
Maximo Gonzalez,9
Amer Delic,9
91.0,9
Dennis Van Scheppingen,9
107.0,9
Abdullah Maqdas,9
Alex Kuznetsov,9
Ruben Bemelmans,9
Pierre Hugues Herbert,9
Alessio Di Mauro,9
Hyeon Chung,9
Christopher Rungkat,8
Jose Rubin Statham,8
115.0,8
Yuichi Sugita,8
Nicolas Thomann,8
Nick Kyrgios,8
Di Wu,8
78.0,8
Gaston Etlis,8
Ben Qiang Zhu,8
15.0,8
Thiago Alves,8
Uladzimir Ignatik,8
Laurence Tieleman,8
Marko Tkalec,8
Jose De Armas,8
Richard Fromberg,8
Mark Nielsen,7
103.0,7
Peter Polansky,7
120.0,7
Todd Reid,7
Brendan Evans,7
Andrey Rublev,7
65.0,7
Daniel Vacek,7
Alex Kim,7
Alberto Berasategui,7
127.0,7
Miguel Gallardo Valles,7
Ronald Agenor,7
Daniel Evans,7
Hernan Gumy,7
93.0,7
102.0,7
Alexandre Simoni,7
Ze Zhang,7
Michael Leong,7
94.0,7
108.0,7
Adrian Garcia,7
Blaz Rola,7
117.0,7
Scoville Jenkins,7
Frantisek Cermak,7
86.0,7
92.0,7
Martin Pedersen,7
Nicolas Coutelot,7
Edgardo Massa,7
82.0,7
Rafael Arevalo,7
Alexander Zverev,7
Sergei Bubka,7
Valentin Sanon,7
75.0,7
Jose Hernandez,7
Sebastien De Chaunac,7
Vadim Kutsenko,7
Gilles Kremer,7
Konstantinos Economidis,7
Taro Daniel,7
Michal Mertinak,7
Deniss Pavlovs,6
Lazar Magdincev,6
Daniel King Turner,6
Mait Kunnap,6
128.0,6
121.0,6
Mikael Tillstrom,6
Jeff Salzenstein,6
Yuri Schukin,6
77.0,6
Claude Ngoran,6
97.0,6
Joseph Sirianni,6
149.0,6
Devin Mullings,6
111.0,6
Julian Knowle,6
134.0,6
Leander Paes,6
Diego Hartfield,6
73.0,6
57.0,6
Barry Cowan,6
Lorenzo Manta,6
150.0,6
145.0,6
Antonio Veic,6
Mounir El Aarej,6
Karim Maamoun,6
79.0,6
Christian Ruud,6
Michael Yani,6
Federico Luzzi,6
Stefano Galvani,6
Sebastien Lareau,6
116.0,6
Bradley Klahn,6
David Agung Susanto,6
Sebo Kiss,6
119.0,6
125.0,6
Austin Krajicek,6
Oleg Ogorodov,6
Diego Sebastian Schwartzman,6
106.0,6
96.0,6
Oliver Gross,6
Jurgen Zopp,6
Hiu Tung Yu,6
Eric Prodon,6
Zeljko Krajan,6
122.0,6
66.0,6
140.0,5
124.0,5
Sandor Martinez Breijo,5
Ti Chen,5
Treat Conrad Huey,5
Frederic Niemeyer,5
76.0,5
16.0,5
Elias Ymer,5
118.0,5
Suwandi Suwandi,5
Jared Donaldson,5
Jhonson Garcia,5
Jhonnatan Medina Alvarez,5
Woong Sun Jun,5
Prima Simpatiaji,5
143.0,5
Elbert Sie,5
Leonardo Tavares,5
Mehdi Tahiri,5
Amir Weintraub,5
James Duckworth,5
Patrick Tierro,5
88.0,5
Martin Fischer,5
132.0,5
Stian Boretti,5
Jamie Baker,5
Alexey Kedryuk,5
Simon Larose,5
176.0,5
Gilles Elseneer,5
Henri Laaksonen,5
Michail Elgin,5
Carsten Ball,5
Xin Yuan Yu,5
Yuki Bhambri,5
72.0,5
18.0,5
67.0,5
Lamine Ouahab,5
Peng Sun,5
Daniel Garza,5
Rohan Bopanna,5
Juan Sebastian Cabal,5
Zack Fleishman,5
Rogerio Dutra Silva,5
Francisco Rodriguez,5
Albano Olivetti,5
89.0,5
Mohammed Al Nabhani,5
Shao Xuan Zeng,5
Michael Ryderstedt,5
Martin Alund,5
Todd Widom,5
85.0,5
Frederik Nielsen,5
Dusan Vemic,5
Orlin Stanoytchev,5
70.0,5
Edwin Kempes,5
Sam Warburg,5
Kornel Bardoczky,4
James Sekulov,4
Alan Mackin,4
Federico Dondo,4
Izak Van Der Merwe,4
Renzo Furlan,4
Emilio Gomez,4
Sherif Sabry,4
Ilija Bozoljac,4
Michael Venus,4
Guillaume Couillard,4
Kyle Edmund,4
Peter Gojowczyk,4
Piero Luisi,4
Federico Sansonetti,4
Mauricio Echazu,4
137.0,4
105.0,4
52.0,4
Stephane Bohli,4
Mike Scheidweiler,4
Marcelo Arevalo,4
109.0,4
Philip Bester,4
Juan Pablo Guzman,4
Gergely Kisgyorgy,4
131.0,4
142.0,4
Cyril Jacobe,4
Orest Tereshchuk,4
64.0,4
139.0,4
Gouichi Motomura,4
Peter Clarke,4
Roberto Cid,4
John Millman,4
113.0,4
Dmitriy Makeyev,4
Ashkan Shokoofi,4
Slimane Saoudi,4
Andy Ram,4
Marc Kevin Goellner,4
Christian Lindell,4
Hugo Dellien,4
Christian Vinck,4
Jean Julien Rojer,4
Mark Merklein,4
Julio Cesar Campozano,4
Martin Rodriguez,4
Todor Enev,4
98.0,4
Helge Koll Frafjord,4
Pablo Gonzalez,4
173.0,4
German Puentes,4
Jacobo Diaz,4
Axel Pretzsch,4
Facundo Arguello,4
Wing Luen Wong,4
101.0,4
Lee Childs,4
126.0,4
114.0,4
Julian Alonso,4
Laurynas Grigelis,4
Mehdi Ziadi,4
147.0,4
156.0,4
Daniel Alejandro Lopez Cassaccia,4
Paul Baccanello,4
Mikhail Ledovskikh,4
Conor Niland,4
Diego Nargiso,4
84.0,4
129.0,4
Anoosha Shahgholi,4
Federico Browne,4
Sanchai Ratiwatana,4
Matteo Viola,4
Nathan Healey,4
Martin Cuevas,3
61.0,3
17.0,3
Franco Ferreiro,3
Giorgio Galimberti,3
Omar Awadhy,3
123.0,3
Mohamed Safwat,3
Glenn Weiner,3
Louk Sorensen,3
Gustavo Marcaccio,3
155.0,3
Vasilis Mazarakis,3
Gustavo Ramirez,3
Aivaras Balzekas,3
Jorge Aguilar,3
160.0,3
Olivier Sajous,3
Ricardo Hocevar,3
Konstantin Kravchuk,3
Gabriel Trifu,3
Alex Llompart,3
Filip Peliwo,3
Seanon Williams,3
Juan Carlos Ramirez,3
Yu Jr Wang,3
Jean Christophe Faurel,3
Alexandre Sidorenko,3
Radoslav Lukaev,3
Johnny Arcilla,3
Harshana Godamanna,3
165.0,3
112.0,3
Cristian Paiz,3
Daniel Munoz De La Nava,3
Filip Dewulf,3
Robert Smeets,3
Nicolas Jarry,3
Ota Fukarek,3
Sergis Kyratzis,3
Facundo Bagnis,3
John Doran,3
Efe Ustundag,3
159.0,3
181.0,3
Jens Knippschild,3
Ibrahim Abou Chahine,3
Nikos Rovas,3
Neville Godwin,3
Karlis Lejnieks,3
Andrian Raturandang,3
Alexander Kudryavtsev,3
Jaroslav Pospisil,3
Andrei Gorban,3
110.0,3
Julio Silva,3
Toshihide Matsui,3
Mathieu Montcourt,3
Michael Lammer,3
Karim Alayli,3
Aleksandr Nedovyesov,3
Jose Bernard,3
152.0,3
Harsh Mankad,3
Dimitar Kutrovsky,3
189.0,3
Josselin Ouanna,3
Martin Vilarrubi,3
19.0,3
Stephane Huet,3
Diego Galeano,3
Ricardo Chile Fonte,3
Satoshi Iwabuchi,3
Mate Pavic,3
58.0,3
Christopher Diaz Figueroa,3
Bassam Beidas,3
Pavol Cervenak,3
Jaymon Crabb,3
Tsung Hua Yang,3
Nenad Zimonjic,3
Adrian Menendez Maceiras,3
Yassine Idmbarek,3
Marton Fucsovics,3
Sam Barry,3
Ramin Raziyani,3
28.0,3
141.0,3
242.0,3
Edgar Hernandez Perez,3
Yasir Khan,3
Lovro Zovko,3
Mao Xin Gong,3
Duilio Beretta,3
Jeson Patrombon,3
Gerald Melzer,3
188.0,3
Juho Paukku,3
175.0,3
Guilherme Clezar,3
133.0,3
Yves Allegro,3
Gd Jones,3
Yann Marti,3
Emilio Benfele Alvarez,3
Luca Vanni,3
Juan Pablo Brzezicki,3
Juan Albert Viloca Puig,3
154.0,3
Pruchya Isarow,3
Yong Kyu Lim,3
169.0,2
Yong Il Yoon,2
Abdelhak Hameurlaine,2
21.0,2
Christophe Bosio,2
Thierry Guardiola,2
Juan Sebastian Langton,2
Francis Tiafoe,2
David Guez,2
130.0,2
Tobias Clemens,2
Rolandas Murashka,2
Mark Woodforde,2
Salifu Mohammed,2
Israel Morales,2
99.0,2
Jui Chen Hung,2
Baris Ergun,2
Fredrik Jonsson,2
Ivan Sergeyev,2
Gianluca Naso,2
Sergio Galdos,2
Kepler Orellana,2
Sergei Cuptov,2
Erling Tveit,2
Rasid Winklaar,2
Ivan Endara,2
Daniel Elahi Galan Riveros,2
Emmanuel Heussner,2
135.0,2
Alex Obrien,2
Iphton Louis,2
Alejandro Hernandez,2
Chuhan Wang,2
Haithem Abid,2
Petr Kralert,2
Ali Hamadeh,2
Alexander Skrypko,2
Adam Chadaj,2
Ahmad Rabeea Muhammad,2
David Sherwood,2
Reda El Amrani,2
48.0,2
David Marrero,2
Louis Vosloo,2
Henry Estrella,2
Yohny Romero,2
Sultan Khalfan,2
Khalid Al Nabhani,2
Christian Garin,2
Murad Inoyatov,2
148.0,2
Karan Rastogi,2
Ali Ismaeel,2
Patrick Chucri,2
Adrian Cruciat,2
Bruno Rodriguez,2
Alun Jones,2
Jesus Bandres,2
Brydan Klein,2
151.0,2
167.0,2
207.0,2
Ryan Russell,2
Egor Gerasimov,2
Rhyne Williams,2
Bastian Knittel,2
Paris Gemouchidis,2
Ramkumar Ramanathan,2
Ricardo Rodriguez,2
Wesley Whitehouse,2
Reginald Willems,2
Theodoros Angelinos,2
Bjorn Rehnquist,2
Mate Delic,2
Nick Van Rosberg,2
Timo Nieminen,2
Artem Sitak,2
Hao Lu,2
Vladyslav Manafov,2
62.0,2
Jean Michel Durango,2
174.0,2
Caio Zampieri,2
Daniel Danilovic,2
Chris Brandi,2
Mauricio Hadad,2
Janez Semrajc,2
Mose Navarra,2
Pablo Bianchi,2
Genius Chidzikwe,2
Simone Vagnozzi,2
Stefano Ianni,2
Andrea Stoppini,2
144.0,2
Dovydas Sakinis,2
Luka Gregorc,2
Santiago Maresca,2
Norbert Gombos,2
Carlos Avellan,2
Peerakiat Siriluethaiwattana,2
Nodar Itonishvili,2
31.0,2
Denis Matsukevitch,2
Roman Recarte,2
Mustafa Azkara,2
Ivaylo Traykov,2
Damion Johnson,2
Rabie Chaki,2
Jimy Szymanski,2
157.0,2
Vivek Shokeen,2
Scott Humphries,2
Febi Widhiyanto,2
Raven Klaasen,2
Thomas Kromann,2
Bruno Echagaray,2
Laurent Recouderc,2
53.0,2
170.0,2
Andrej Kracman,2
Ruan Roelofse,2
Oscar Burrieza,2
Dennis Novikov,2
Hillel Rousseau,2
Jan Kroslak,2
Tihomir Grozdanov,2
Hicham Khaddari,2
Jonathan Dasnieres De Veigy,2
Jerome Haehnel,2
Ognian Kolev,2
Inigo Cervantes Huegun,2
Sergio Gutierrez Ferrol,2
Gyorgy Balazs,2
166.0,2
Robert Yim,2
Ugo Nastasi,2
Petros Baghdatis,2
Marvin Rolle,2
Michael Joyce,2
Aditya Hari Sasongko,2
Florin Mergea,2
Attila Balazs,2
Eduardo Rincon,2
Paul Logtens,2
Henri Kontinen,2
Dieter Kindlmann,2
Walid Jallali,2
Emilio Daniel Baez Britez,2
Maximilian Abel,2
Carlos Palencia,2
Clemens Trimmel,2
Emanuel Couto,2
Diogo Rocha,2
Jesse Witten,2
Petros Chrysochos,2
Didac Perez,2
Marko Djokovic,2
Jalil Khan,2
Sarvar Ikramov,2
Simon Rea,2
Stefano Pescosolido,2
Paul Hanley,2
Carlos Salamanca,2
201.0,2
Alexandros Jakupovic,2
Cheuk Wai Hui,2
Thomas Schoorel,2
Rodrigo Senattore,2
Mohammed Rajan Sundera Karuppiah,2
Peter Handoyo,2
Dong Hyun Kim,2
Michael Hill,2
Joachim Bjerke,2
Bertrand Madsen,2
Stanislav Vovk,2
Pavel Baranov,2
Ion Moldovan,2
Predrag Rusevski,2
Solon Peppas,2
Marcos Ondruska,2
153.0,2
Fritz Wolmarans,2
Todd Woodbridge,2
Bostjan Osabnik,2
Kyu Tae Im,2
Gwinyai Tongoona,2
Adrians Zguns,2
Tomislav Jotovski,2
George Khrikadze,2
Dimitar Grabuloski,2
Simon Stadler,2
Melle Van Gemerden,2
Patrik Langvardt,2
163.0,2
Filip Prpic,2
Petru Alexandru Luncanu,2
Maxim Dubarenco,2
24.0,2
47.0,2
Takahiro Terachi,2
Frederico Ferreira Silva,2
Vincent Millot,2
Filip Urban,2
Milen Velev,2
Yannick Mertens,2
Vladimir Ivanov,2
Alessandro Giannessi,2
Janne Ojala,2
Petr Luxa,2
Dominik Meffert,2
Maxime Teixeira,2
Michael Quintero,2
51.0,2
161.0,2
Selvam Veerasingam,2
Radoslaw Nijaki,2
Weerapat Doakmaiklee,2
55.0,2
162.0,2
224.0,2
Frederick Sletting Johnsen,2
Scott Willinsky,2
Tiago Sousa,2
Raoul Behr,2
Matias Silva,2
Mohsen Hossein Zade,2
Jean Francois Bachelot,2
Ville Liukko,2
Todd Larkham,2
Rainer Eitzinger,2
Darian King,2
Roman Margoulis,2
KJ Hippensteel,2
Thomas Fabbiano,1
Frank Moser,1
Michihisa Onoda,1
Francisco Cabello,1
Christopher Koutrouzas,1
Alex Witt,1
Bartolome Salva Vidal,1
Alexander Lazov,1
Anthony Marshall,1
Dannio Yahya,1
Mike Bryan,1
Ivor Grazette,1
Luke Saville,1
Sergey Makashin,1
Wishaya Trongcharoenchaikul,1
Michael Lai,1
42.0,1
Bing Chao Lin,1
237.0,1
Roberto Carballes Baena,1
Cristiano Caratti,1
Ilija Martinoski,1
Brett Baudinet,1
Pavel Katliarov,1
Mahammad Abid,1
Michael Mcclune,1
283.0,1
Tyler Chin,1
Demetrios Leontis,1
Lauri Kiiski,1
45.0,1
Alexander Blom,1
Matt Klinger,1
Yew Ming Si,1
Mohammed Faizal Bin Othman,1
Javier Marti,1
Lorenzo Giustino,1
Miguel Angel Este,1
Alti Vahkal,1
Alejandro Gomez GB42,1
Alexander Sadecky,1
Michael Mora,1
Wisnu Adi Nugroho,1
Robert Farah,1
Marc Vilanova,1
Alberto Brause,1
Jacobo Chavez,1
Tai Wei Liu,1
Christian Harrison,1
Iztok Bozic,1
Mariusz Fyrstenberg,1
Mik Ledvonova,1
Michael Tebbutt,1
Roman Borvanov,1
John Patrick Smith,1
James Mcgee,1
Jacob Rasolondrazana,1
Denes Lukacs,1
Marcin Gawron,1
Lazaro Navarro Batles,1
202.0,1
209.0,1
204.0,1
Dimitar Kuzmanov,1
Ryler Deheart,1
Jonathan Printzlau,1
Sergei Yaroshenko,1
Mikhail Filima,1
Artem Smirnov,1
Federico Zeballos,1
246.0,1
Simon Aspelin,1
Ignacio Hirigoyen,1
Ruben Torres,1
Jonathan Erlich,1
Liam Broady,1
Melvin Tong,1
Carlos Cuadrado,1
Cesar Ramirez,1
Martins Podzus,1
95.0,1
Leos Friedl,1
Victor Ribas,1
Marco Crugnola,1
Rares Cuzdriorean,1
Jim Courier,1
Jean Marc Bazanne,1
Aslan Karatsev,1
Dennis Lajola,1
Matt Reid,1
251.0,1
172.0,1
Hee Seok Chung,1
Luis Adrian Morejon,1
239.0,1
198.0,1
Marco Antonio Rojas,1
Fazaluddin Syed,1
Viktor Durasovic,1
Marius Tangen,1
Michel Koning,1
Ladislav Svarc,1
Andrea Arnaboldi,1
Gabriel Moraru,1
Jose Perdomo,1
Joshua Goodall,1
Adelo Abadia,1
Tucker Vorster,1
60.0,1
190.0,1
Jose Benitez,1
196.0,1
39.0,1
Vincenzo Santopadre,1
Martin Sayer,1
Siu Fai Kelvin Lam,1
Dawid Olejniczak,1
185.0,1
235.0,1
216.0,1
Irakli Ushangishvili,1
Bastian Trinker,1
200.0,1
Gregoire Burquier,1
Aymeric Mara,1
Sid Ali Akkal,1
Bernardo Mota,1
Victor Ionita,1
Roberto Carretero,1
Brian Macphie,1
Marco Aurelio Nunez,1
Yoshihito Nishioka,1
Andres Bucaro,1
Robin Roshardt,1
Enzo Pigola,1
Janis Podzus,1
Baris Erguden,1
Miguel Tobon,1
Julen Uriguen,1
Juan Carlos Rebaza Lozano,1
Jorge Brian Panta Herreros,1
Romain Arneodo,1
Lior Mor,1
220.0,1
215.0,1
Lars Uebel,1
Joshua Eagle,1
Sebastian Prieto,1
Helder Lopes,1
Christos Hadjigeorgiou,1
Laurent Bram,1
William Ward,1
Patricio Alvarado,1
Andre Gaspar Murta,1
Michael Ray Pallares Gonzalez,1
Dejan Petrovic,1
Zhe Li,1
Luis David Martinez,1
59.0,1
168.0,1
Wei Jen Cheng,1
Jonathan Igbinovia,1
Jonathan Stark,1
Oscar Ortiz,1
Bjorn Fratangelo,1
Hsin Han Lee,1
Rasmus Norby,1
Franco Skugor,1
Rabi Bouhassoun,1
Sulaiman Al Rawahi,1
Ian Flanagan,1
294.0,1
Andrej Martin,1
Luis Perez Chete,1
Paulo Carvallo,1
Adam Kellner,1
Guillermo Olaso,1
Ariez Elyaas Deen Heshaam,1
Sandro Ehrat,1
Rami Osman,1
Alex Lopez Moron,1
Pavel Vizner,1
Lukas Mugevicius,1
Guillermo Rivera Aranguiz,1
Esat Tanik,1
Kevin Ullyett,1
Kerlin Leon Zamora,1
177.0,1
Oh Hee Kwon,1
Stephen Nugent,1
Chris Eaton,1
Amir Hadad,1
Lionel Roux,1
Lofo Ramiaramanana,1
Tomas Cakl,1
187.0,1
Jonathan Chu,1
Henrik Andersson,1
54.0,1
Abdulhameed Alshatti,1
Johan Landsberg,1
Jordan Thompson,1
Artem Derepasko,1
Tobias Summerer,1
Rodrigo Vallejo,1
Uros Vico,1
Marcus Sarstrand,1
Mashiska Washington,1
171.0,1
Sun Yong Kim Jr,1
Renzo Olivo,1
Vadim Davletshin,1
Kalle Flygt,1
Josh Goodall,1
Andrei Karatchenia,1
Greg Jones,1
Francisco Costa,1
Marco Cecchinato,1
Santiago Gonzalez,1
Samir Saadeldin,1
Kevin Sorensen,1
Bruno Agostinelli,1
Rogier Wassen,1
Leonardo Kirche,1
M Abid Ali Khan Akbar,1
Timothy Neilly,1
Nicolas Barrientos,1
Tuna Altuna,1
Felipe Rios,1
Bernd Karbacher,1
Axel Michon,1
Mirza Basic,1
Blazej Koniusz,1
Mark Knowles,1
243.0,1
199.0,1
Benito Jose Suriano,1
Ricardo Gonzalez Diaz,1
Yordan Kanev,1
Matias Boeker,1
Alexander Shvec,1
Nikolai Fidirko,1
Pavel Snobel,1
Suk Young Jeong,1
Amro Ghoneim,1
Laurent Lokoli,1
Erik Chvojka,1
Tasuku Iwami,1
Alexis Klegou,1
David Wheaton,1
Jaroslav Levinsky,1
288.0,1
40.0,1
Samir Iftikhar,1
Juan Giner,1
260.0,1
Brian Hung,1
Daniel Llarenas,1
Vladimir Pavicevic,1
180.0,1
Wen Lung Chang,1
Mark Hilton,1
Marcelo Filippini,1
Peter Torebko,1
Arturs Lazdins,1
Tomas Tenconi,1
Elmar Gerth,1
Jerry Joseph,1
Alberto Emmanuel Alvarado Larin,1
Nick Lindahl,1
Kamil Majchrzak,1
Thomas Jun Facchini Takemoto,1
Philipp Oswald,1
Inam Gul,1
Maxime Hamou,1
Hendri Susilo Pramono,1
Joji Miyao,1
Mauricio Estivariz,1
Gerardo Lopez Villasenor,1
Augusto Sanabria,1
Nathan Pasha,1
Hong Chung,1
Andrei Vasilevski,1
56.0,1
Vishnu Vardhan,1
136.0,1
Razlan Rawi,1
Young Jun Kim,1
164.0,1
Syrym Abdukhalikov,1
Phillip Simmonds,1
Phillip King,1
Piero Demichelli,1
Aljoscha Thron,1
Brian Wilson,1
Juan Enrique Crosa,1
Martin Rmus,1
Niko Karagiannis,1
Matt Simpson,1
Juan Borba,1
Sergio Rojas,1
182.0,1
50.0,1
Jonathan Marray,1
Nicolaas Scholtz,1
183.0,1
Nikoloz Basilashvili,1
Tomislav Brkic,1
Adam Thompson,1
Fred Hemmes,1
Diego Ayala,1
Seong Chan Hong,1
Aldin Setkic,1
Jae Sung An,1
Justin Oneal,1
Julien Varlet,1
Naratorn Srichaphan,1
Phillip Harboe,1
Lado Chikhladze,1
Benjamin Lock,1
Karsten Braasch,1
Helge Koll,1
Ignaci Roca,1
Matteo Donati,1
Seung Hoon Lee,1
Noam Behr,1
Isak Arvidsson,1
Genaro Deleon,1
Adrian Bohane,1
Eddy Gonzalez Gonzalez,1
Jorge Villanueva,1
Muhammad Khaliq Siddiq,1
34.0,1
158.0,1
Colin Fleming,1
Travis Rettenmaier,1
Kristian Capalik,1
Augustin Gensse,1
Antso Rakotondramanga,1
20.0,1
Marc Abdulnour,1
Dominic Inglot,1
Nicholas Sayer,1
Sanam Singh,1
Joan Jimenez Guerra,1
Gonzales Austin,1
Philippos Tsangaridis,1
Kevin Jonckheer,1
Andres Filimonov,1
Johann Coles,1
Noah Rubin,1
Haydn Lewis,1
Tsolak Gevorgyan,1
Sean Karam,1
Clay Thompson,1
Fredrik Ask,1
Tigre Hank,1
Mackenzie Mcdonald,1
Tom Kocevar Desman,1
Srinath Prahlad,1
Mahesh Bhupathi,1
Julius Tverijonas,1
Igor Chaldounov,1
Miles Maclagan,1
Tunde Segodo,1
219.0,1
Mariano Hood,1
Marcin Matkowski,1
Andre Ghem,1
Shane Stone,1
Gonzalo Escobar,1
Dennis Peschek,1
Roman Valent,1
Mads Gottlieb,1
Martin Vaisse,1
Abdul Mumin Babalola,1
Martin Garcia,1
Adam Kennedy,1
Agustin Velotti,1
Bartlomiej Dabrowski,1
Ali Ghareeb,1
Yari Bernardo,1
Shahin Khaledan,1
Krystian Pfeiffer,1
227.0,1
Tigran Martirosyan,1
Aziz Avganov,1
Mikael Torpegaard,1
Iurie Gorban,1
David Souto,1
Ante Pavic,1
Charalampos Kapogiannis,1
Gianni Mina,1
John Hui,1
Daniel Smethurst,1
Justin Bower,1
Amaury Gomez,1
Ergun Zorlu,1
Joseph Victorino,1
Eddy Chala,1
Juan Carlos Saez,1
Mariano Delfino,1
Chase Buchanan,1
Fredrik Aarum,1
Gunther Darkey,1
Quang Huy Ngo,1
Pedja Krstin,1
Vaja Uzakov,1
Raimonds Sproga,1
Yu Zhang,1
Guillermo Alcaide,1
Thomas Oger,1
Karen Khachanov,1
Karim Hossam,1
Carlos Taborga,1
26.0,1
Marzio Martelli,1
Nejc Podkrajsek,1
27.0,1
Seyed Akbar Taheri Rahaghi,1
Marcelo Charpentier,1
35.0,1
Gabriel Trujillo Soler,1
Christopher Kas,1
Michael Massih,1
Warit Sornbutnark,1
Matthew Prentice,1
Wahib Maknieh,1
Wan Gao,1
Jesus Francisco Felix,1
63.0,1
Pierre Ludovic Duclos,1
Thien Nguyen Hoang,1
Darius Florin Bragusi,1
Eric Quigley,1
Thomas Muster,1
Grzegorz Panfil,1
Nomi Qamar,1
Candy Idoko,1
Mohamed Mamoun,1
Ilia Kushev,1
Riccardo Ghedin,1
Daniel Glancy,1
Viktor Filipenko,1
Alex Knaff,1
Toni Androic,1
Luis Haddock,1
Gabriel Flores Ruiz,1
Hans Podlipnik Castillo,1
Manuel Tejada,1
Ivo Klec,1
Antoine Breikeh,1
Andrei Luzgin,1
Komlavi Loglo,1
Goran Tosic,1
Favel Antonio Freyre Perdomo,1
Kevin Krawietz,1
Navdeep Singh,1
Johan Settergren,1
Davit Babayan,1
Goncalo Nicau,1
Martijn Van Haasteren,1
Mario Radic,1
Jabor Al Mutawa,1
Colin Obrien,1
Denis Golovanov,1
Diego Veronelli,1
Jan Minar,1
Lucas Arnold Ker,1
Luka Belic,1
Mitchell Krueger,1
William Lock,1
23.0,1
Walter Trusendi,1
Germain Gigounon,1
Luis Diaz Barriga,1
Talal Ouahabi,1
Fabiano De Paula,1
Eldad Campbell,1
Valentin Dimov,1
